,ProductID,BusinessEntityID,AverageLeadTime,StandardPrice,LastReceiptCost,LastReceiptDate,MinOrderQty,MaxOrderQty,OnOrderQty,UnitMeasureCode,ModifiedDate
0,1,1580,17,47.87,50.2635,2011-08-29 00:00:00.000,1,5,3.0,CS ,2011-08-29 00:00:00.000
1,2,1688,19,39.92,41.916,2011-08-29 00:00:00.000,1,5,3.0,CTN,2011-08-29 00:00:00.000
2,4,1650,17,54.31,57.0255,2011-08-29 00:00:00.000,1,5,,CTN,2011-08-29 00:00:00.000
3,317,1578,19,28.17,29.5785,2011-08-29 00:00:00.000,100,1000,300.0,EA ,2011-08-29 00:00:00.000
4,317,1678,17,25.77,27.0585,2011-08-25 00:00:00.000,100,1000,,EA ,2011-08-25 00:00:00.000
5,318,1578,19,34.38,36.099,2011-08-29 00:00:00.000,100,1000,,EA ,2011-08-29 00:00:00.000
6,318,1678,17,31.98,33.579,2011-08-25 00:00:00.000,100,1000,300.0,EA ,2011-08-25 00:00:00.000
7,319,1556,19,44.21,46.4205,2011-08-29 00:00:00.000,100,1000,300.0,EA ,2011-08-29 00:00:00.000
8,319,1578,19,46.27,48.5835,2011-08-29 00:00:00.000,100,1000,,EA ,2011-08-29 00:00:00.000
9,319,1678,17,43.87,46.0635,2011-08-25 00:00:00.000,100,1000,,EA ,2011-08-25 00:00:00.000
10,320,1514,19,47.28,49.644,2011-08-29 00:00:00.000,1,5,3.0,CAN,2011-08-29 00:00:00.000
11,320,1602,17,45.21,47.4705,2011-08-19 00:00:00.000,1,5,,CAN,2011-08-19 00:00:00.000
12,320,1604,17,43.21,45.3705,2011-08-25 00:00:00.000,1,5,,CAN,2011-08-25 00:00:00.000
13,321,1514,19,42.21,44.3205,2011-08-29 00:00:00.000,1,5,,CAN,2011-08-29 00:00:00.000
14,321,1602,17,40.76,42.798,2011-08-19 00:00:00.000,1,5,,CAN,2011-08-19 00:00:00.000
15,321,1604,17,38.56,40.488,2011-08-25 00:00:00.000,1,5,,CAN,2011-08-25 00:00:00.000
16,322,1514,19,27.33,28.6965,2011-08-24 00:00:00.000,20,100,,DZ ,2011-08-24 00:00:00.000
17,322,1602,17,24.21,25.4205,2011-08-25 00:00:00.000,20,100,,DZ ,2011-08-25 00:00:00.000
18,322,1604,17,25.11,26.3655,2011-08-25 00:00:00.000,20,100,,DZ ,2011-08-25 00:00:00.000
19,323,1698,17,47.87,50.2635,2011-08-25 00:00:00.000,1,5,,CS ,2011-08-25 00:00:00.000
20,325,1590,19,0.2,0.21,2011-08-29 00:00:00.000,500,2000,,EA ,2011-08-29 00:00:00.000
21,326,1590,19,0.2,0.21,2011-08-29 00:00:00.000,500,2000,,EA ,2011-08-29 00:00:00.000
22,332,1608,19,10.3,10.815,2011-08-29 00:00:00.000,100,1000,,EA ,2011-08-29 00:00:00.000
23,341,1598,15,39.21,41.1705,2011-08-26 00:00:00.000,1,5,3.0,CTN,2011-08-26 00:00:00.000
24,341,1614,19,45.31,47.5755,2011-08-28 00:00:00.000,1,5,,CTN,2011-08-28 00:00:00.000
25,341,1622,19,45.21,47.4705,2011-08-22 00:00:00.000,1,5,,CTN,2011-08-22 00:00:00.000
26,342,1598,15,37.21,39.0705,2011-08-26 00:00:00.000,1,5,3.0,CTN,2011-08-26 00:00:00.000
27,342,1614,19,43.31,45.4755,2011-08-28 00:00:00.000,1,5,,CTN,2011-08-28 00:00:00.000
28,342,1622,19,43.21,45.3705,2011-08-22 00:00:00.000,1,5,,CTN,2011-08-22 00:00:00.000
29,343,1598,15,41.28,43.344,2011-08-26 00:00:00.000,1,5,,CTN,2011-08-26 00:00:00.000
30,343,1614,19,47.38,49.749,2011-08-28 00:00:00.000,1,5,,CTN,2011-08-28 00:00:00.000
31,343,1622,19,47.28,49.644,2011-08-22 00:00:00.000,1,5,,CTN,2011-08-22 00:00:00.000
32,344,1598,15,37.21,39.0705,2011-08-07 00:00:00.000,1,5,3.0,CTN,2011-08-07 00:00:00.000
33,344,1614,19,43.31,45.4755,2011-08-28 00:00:00.000,1,5,,CTN,2011-08-28 00:00:00.000
34,344,1622,19,43.21,45.3705,2011-08-28 00:00:00.000,1,5,,CTN,2011-08-28 00:00:00.000
35,345,1598,15,35.21,36.9705,2011-08-07 00:00:00.000,1,5,3.0,CTN,2011-08-07 00:00:00.000
36,345,1614,19,41.31,43.3755,2011-08-28 00:00:00.000,1,5,,CTN,2011-08-28 00:00:00.000
37,345,1622,19,41.21,43.2705,2011-08-28 00:00:00.000,1,5,,CTN,2011-08-28 00:00:00.000
38,346,1598,15,39.28,41.244,2011-08-13 00:00:00.000,1,5,,CTN,2011-08-13 00:00:00.000
39,346,1614,19,45.38,47.649,2011-08-28 00:00:00.000,1,5,,CTN,2011-08-28 00:00:00.000
40,346,1622,19,45.28,47.544,2011-08-28 00:00:00.000,1,5,,CTN,2011-08-28 00:00:00.000
41,347,1598,15,35.21,36.9705,2011-08-13 00:00:00.000,1,5,3.0,CTN,2011-08-13 00:00:00.000
42,347,1614,19,41.31,43.3755,2011-08-17 00:00:00.000,1,5,,CTN,2011-08-17 00:00:00.000
43,347,1622,19,41.21,43.2705,2011-08-28 00:00:00.000,1,5,,CTN,2011-08-28 00:00:00.000
44,348,1598,15,33.21,34.8705,2011-08-20 00:00:00.000,1,5,3.0,CTN,2011-08-20 00:00:00.000
45,348,1614,19,39.31,41.2755,2011-08-17 00:00:00.000,1,5,,CTN,2011-08-17 00:00:00.000
46,348,1622,19,39.21,41.1705,2011-08-28 00:00:00.000,1,5,,CTN,2011-08-28 00:00:00.000
47,349,1598,15,37.28,39.144,2011-08-20 00:00:00.000,1,5,3.0,CTN,2011-08-20 00:00:00.000
48,349,1614,19,43.38,45.549,2011-08-22 00:00:00.000,1,5,,CTN,2011-08-22 00:00:00.000
49,349,1622,19,43.28,45.444,2011-08-18 00:00:00.000,1,5,,CTN,2011-08-18 00:00:00.000
50,351,1544,15,5.5,5.775,2011-08-26 00:00:00.000,100,1000,,EA ,2011-08-26 00:00:00.000
51,351,1694,15,5.9,6.195,2011-08-26 00:00:00.000,100,1000,300.0,EA ,2011-08-26 00:00:00.000
52,352,1544,15,1.1,1.155,2011-08-26 00:00:00.000,100,1000,300.0,EA ,2011-08-26 00:00:00.000
53,352,1694,15,1.4,1.47,2011-08-26 00:00:00.000,100,1000,,EA ,2011-08-26 00:00:00.000
54,355,1508,15,1.3,1.365,2011-08-26 00:00:00.000,100,1000,300.0,EA ,2011-08-26 00:00:00.000
55,356,1516,18,3.43,3.6015,2011-08-27 00:00:00.000,20,100,,PAK,2011-08-27 00:00:00.000
56,356,1572,16,3.22,3.381,2011-08-28 00:00:00.000,20,100,60.0,PAK,2011-08-28 00:00:00.000
57,357,1516,18,3.79,3.9795,2011-08-27 00:00:00.000,20,100,,PAK,2011-08-27 00:00:00.000
58,357,1572,16,4.11,4.3155,2011-08-28 00:00:00.000,20,100,60.0,PAK,2011-08-28 00:00:00.000
59,358,1500,16,6.65,6.9825,2011-08-28 00:00:00.000,20,100,60.0,PAK,2011-08-28 00:00:00.000
60,359,1496,17,45.41,47.6805,2011-08-29 00:00:00.000,1,5,3.0,CS ,2011-08-29 00:00:00.000
61,359,1554,19,45.26,47.523,2011-08-11 00:00:00.000,1,5,,CS ,2011-08-11 00:00:00.000
62,360,1496,17,43.41,45.5805,2011-08-29 00:00:00.000,1,5,3.0,CS ,2011-08-29 00:00:00.000
63,360,1554,19,43.26,45.423,2011-08-11 00:00:00.000,1,5,,CS ,2011-08-11 00:00:00.000
64,361,1496,17,47.48,49.854,2011-08-05 00:00:00.000,1,5,,CS ,2011-08-05 00:00:00.000
65,361,1554,19,47.33,49.6965,2011-08-18 00:00:00.000,1,5,,CS ,2011-08-18 00:00:00.000
66,362,1496,17,43.41,45.5805,2011-08-05 00:00:00.000,1,5,3.0,CS ,2011-08-05 00:00:00.000
67,362,1554,19,43.26,45.423,2011-08-18 00:00:00.000,1,5,,CS ,2011-08-18 00:00:00.000
68,363,1496,17,41.41,43.4805,2011-08-05 00:00:00.000,1,5,,CS ,2011-08-05 00:00:00.000
69,363,1554,19,41.26,43.323,2011-08-18 00:00:00.000,1,5,,CS ,2011-08-18 00:00:00.000
70,364,1496,17,45.48,47.754,2011-08-12 00:00:00.000,1,5,3.0,CS ,2011-08-12 00:00:00.000
71,364,1554,19,45.33,47.5965,2011-08-24 00:00:00.000,1,5,,CS ,2011-08-24 00:00:00.000
72,365,1496,17,41.41,43.4805,2011-08-12 00:00:00.000,1,5,,CS ,2011-08-12 00:00:00.000
73,365,1554,19,41.26,43.323,2011-08-24 00:00:00.000,1,5,,CS ,2011-08-24 00:00:00.000
74,366,1496,17,39.41,41.3805,2011-08-12 00:00:00.000,1,5,3.0,CS ,2011-08-12 00:00:00.000
75,366,1554,19,39.26,41.223,2011-08-29 00:00:00.000,1,5,,CS ,2011-08-29 00:00:00.000
76,367,1496,17,43.48,45.654,2011-08-12 00:00:00.000,1,5,,CS ,2011-08-12 00:00:00.000
77,367,1554,19,43.33,45.4965,2011-08-29 00:00:00.000,1,5,,CS ,2011-08-29 00:00:00.000
78,368,1496,17,39.41,41.3805,2011-08-12 00:00:00.000,1,5,3.0,CS ,2011-08-12 00:00:00.000
79,368,1554,19,39.26,41.223,2011-08-29 00:00:00.000,1,5,,CS ,2011-08-29 00:00:00.000
80,369,1496,17,37.41,39.2805,2011-08-12 00:00:00.000,1,5,3.0,CS ,2011-08-12 00:00:00.000
81,369,1554,19,37.26,39.123,2011-08-29 00:00:00.000,1,5,,CS ,2011-08-29 00:00:00.000
82,370,1496,17,41.48,43.554,2011-08-18 00:00:00.000,1,5,3.0,CS ,2011-08-18 00:00:00.000
83,370,1554,19,41.33,43.3965,2011-07-30 00:00:00.000,1,5,,CS ,2011-07-30 00:00:00.000
84,371,1496,17,37.41,39.2805,2011-08-18 00:00:00.000,1,5,,CS ,2011-08-18 00:00:00.000
85,371,1554,19,37.26,39.123,2011-07-30 00:00:00.000,1,5,,CS ,2011-07-30 00:00:00.000
86,372,1496,17,35.41,37.1805,2011-08-18 00:00:00.000,1,5,3.0,CS ,2011-08-18 00:00:00.000
87,372,1554,19,35.26,37.023,2011-07-30 00:00:00.000,1,5,,CS ,2011-07-30 00:00:00.000
88,373,1496,17,39.48,41.454,2011-08-18 00:00:00.000,1,5,3.0,CS ,2011-08-18 00:00:00.000
89,373,1554,19,39.33,41.2965,2011-07-30 00:00:00.000,1,5,,CS ,2011-07-30 00:00:00.000
90,374,1496,17,35.41,37.1805,2011-08-24 00:00:00.000,1,5,3.0,CS ,2011-08-24 00:00:00.000
91,374,1554,19,35.26,37.023,2011-08-05 00:00:00.000,1,5,,CS ,2011-08-05 00:00:00.000
92,375,1536,15,41.28,43.344,2011-08-13 00:00:00.000,1,5,3.0,CTN,2011-08-13 00:00:00.000
93,375,1562,16,41.21,43.2705,2011-08-10 00:00:00.000,1,5,,CTN,2011-08-10 00:00:00.000
94,375,1656,16,41.21,43.2705,2011-07-29 00:00:00.000,1,5,,CTN,2011-07-29 00:00:00.000
95,376,1536,15,37.21,39.0705,2011-08-13 00:00:00.000,1,5,,CTN,2011-08-13 00:00:00.000
96,376,1562,16,39.21,41.1705,2011-08-10 00:00:00.000,1,5,,CTN,2011-08-10 00:00:00.000
97,376,1656,16,45.28,47.544,2011-07-29 00:00:00.000,1,5,,CTN,2011-07-29 00:00:00.000
98,377,1536,15,35.21,36.9705,2011-08-20 00:00:00.000,1,5,3.0,CTN,2011-08-20 00:00:00.000
99,377,1562,16,43.28,45.444,2011-08-17 00:00:00.000,1,5,,CTN,2011-08-17 00:00:00.000
100,377,1656,16,41.21,43.2705,2011-08-04 00:00:00.000,1,5,,CTN,2011-08-04 00:00:00.000
101,378,1536,15,39.28,41.244,2011-08-20 00:00:00.000,1,5,3.0,CTN,2011-08-20 00:00:00.000
102,378,1562,16,39.21,41.1705,2011-08-17 00:00:00.000,1,5,,CTN,2011-08-17 00:00:00.000
103,378,1656,16,39.21,41.1705,2011-08-04 00:00:00.000,1,5,,CTN,2011-08-04 00:00:00.000
104,379,1536,15,35.21,36.9705,2011-08-20 00:00:00.000,1,5,,CTN,2011-08-20 00:00:00.000
105,379,1562,16,37.21,39.0705,2011-08-17 00:00:00.000,1,5,,CTN,2011-08-17 00:00:00.000
106,379,1656,16,43.28,45.444,2011-08-04 00:00:00.000,1,5,,CTN,2011-08-04 00:00:00.000
107,380,1536,15,41.16,43.218,2011-08-26 00:00:00.000,1,5,3.0,CTN,2011-08-26 00:00:00.000
108,380,1562,16,41.28,43.344,2011-08-22 00:00:00.000,1,5,,CTN,2011-08-22 00:00:00.000
109,380,1656,16,39.21,41.1705,2011-08-10 00:00:00.000,1,5,,CTN,2011-08-10 00:00:00.000
110,381,1536,15,45.23,47.4915,2011-08-26 00:00:00.000,1,5,3.0,CTN,2011-08-26 00:00:00.000
111,381,1562,16,37.21,39.0705,2011-08-22 00:00:00.000,1,5,,CTN,2011-08-22 00:00:00.000
112,381,1656,16,37.21,39.0705,2011-08-10 00:00:00.000,1,5,,CTN,2011-08-10 00:00:00.000
113,382,1536,15,41.21,43.2705,2011-08-01 00:00:00.000,1,5,3.0,CTN,2011-08-01 00:00:00.000
114,382,1562,16,35.21,36.9705,2011-08-28 00:00:00.000,1,5,,CTN,2011-08-28 00:00:00.000
115,383,1536,15,45.28,47.544,2011-08-01 00:00:00.000,1,5,,CTN,2011-08-01 00:00:00.000
116,383,1562,16,39.28,41.244,2011-08-28 00:00:00.000,1,5,,CTN,2011-08-28 00:00:00.000
117,384,1536,15,41.21,43.2705,2011-08-01 00:00:00.000,1,5,3.0,CTN,2011-08-01 00:00:00.000
118,384,1562,16,35.21,36.9705,2011-08-28 00:00:00.000,1,5,,CTN,2011-08-28 00:00:00.000
119,385,1536,15,39.21,41.1705,2011-08-07 00:00:00.000,1,5,,CTN,2011-08-07 00:00:00.000
120,385,1562,16,41.16,43.218,2011-08-28 00:00:00.000,1,5,,CTN,2011-08-28 00:00:00.000
121,386,1536,15,43.28,45.444,2011-08-07 00:00:00.000,1,5,3.0,CTN,2011-08-07 00:00:00.000
122,386,1562,16,45.23,47.4915,2011-08-04 00:00:00.000,1,5,,CTN,2011-08-04 00:00:00.000
123,387,1536,15,39.21,41.1705,2011-08-07 00:00:00.000,1,5,3.0,CTN,2011-08-07 00:00:00.000
124,387,1562,16,41.21,43.2705,2011-08-04 00:00:00.000,1,5,,CTN,2011-08-04 00:00:00.000
125,388,1536,15,37.21,39.0705,2011-08-07 00:00:00.000,1,5,3.0,CTN,2011-08-07 00:00:00.000
126,388,1562,16,45.28,47.544,2011-08-04 00:00:00.000,1,5,,CTN,2011-08-04 00:00:00.000
127,389,1536,15,41.28,43.344,2011-08-07 00:00:00.000,1,5,,CTN,2011-08-07 00:00:00.000
128,389,1562,16,41.21,43.2705,2011-08-04 00:00:00.000,1,5,,CTN,2011-08-04 00:00:00.000
129,390,1536,15,37.21,39.0705,2011-08-07 00:00:00.000,1,5,3.0,CTN,2011-08-07 00:00:00.000
130,390,1562,16,39.21,41.1705,2011-08-04 00:00:00.000,1,5,,CTN,2011-08-04 00:00:00.000
131,391,1536,15,35.21,36.9705,2011-08-07 00:00:00.000,1,5,3.0,CTN,2011-08-07 00:00:00.000
132,391,1562,16,43.28,45.444,2011-08-04 00:00:00.000,1,5,,CTN,2011-08-04 00:00:00.000
133,392,1536,15,39.28,41.244,2011-08-07 00:00:00.000,1,5,3.0,CTN,2011-08-07 00:00:00.000
134,392,1562,16,39.21,41.1705,2011-08-04 00:00:00.000,1,5,,CTN,2011-08-04 00:00:00.000
135,393,1536,15,35.21,36.9705,2011-08-07 00:00:00.000,1,5,,CTN,2011-08-07 00:00:00.000
136,393,1562,16,37.21,39.0705,2011-08-04 00:00:00.000,1,5,,CTN,2011-08-04 00:00:00.000
137,394,1536,15,41.16,43.218,2011-08-07 00:00:00.000,1,5,3.0,CTN,2011-08-07 00:00:00.000
138,394,1562,16,41.28,43.344,2011-08-04 00:00:00.000,1,5,,CTN,2011-08-04 00:00:00.000
139,395,1536,15,45.23,47.4915,2011-08-07 00:00:00.000,1,5,3.0,CTN,2011-08-07 00:00:00.000
140,395,1562,16,37.21,39.0705,2011-08-04 00:00:00.000,1,5,,CTN,2011-08-04 00:00:00.000
141,396,1536,15,41.21,43.2705,2011-08-07 00:00:00.000,1,5,,CTN,2011-08-07 00:00:00.000
142,396,1562,16,35.21,36.9705,2011-08-04 00:00:00.000,1,5,,CTN,2011-08-04 00:00:00.000
143,397,1536,15,45.28,47.544,2011-08-07 00:00:00.000,1,5,,CTN,2011-08-07 00:00:00.000
144,397,1562,16,39.28,41.244,2011-08-04 00:00:00.000,1,5,,CTN,2011-08-04 00:00:00.000
145,402,1648,15,45.21,47.4705,2011-08-26 00:00:00.000,1,5,3.0,CTN,2011-08-26 00:00:00.000
146,403,1616,17,45.21,47.4705,2011-08-06 00:00:00.000,1,5,3.0,CAN,2011-08-06 00:00:00.000
147,403,1672,15,43.21,45.3705,2011-08-20 00:00:00.000,1,5,3.0,CAN,2011-08-20 00:00:00.000
148,403,1686,19,43.28,45.444,2011-08-28 00:00:00.000,1,5,,CAN,2011-08-28 00:00:00.000
149,404,1616,17,43.21,45.3705,2011-08-06 00:00:00.000,1,5,3.0,CAN,2011-08-06 00:00:00.000
150,404,1672,15,47.28,49.644,2011-08-20 00:00:00.000,1,5,3.0,CAN,2011-08-20 00:00:00.000
151,404,1686,19,39.21,41.1705,2011-08-28 00:00:00.000,1,5,,CAN,2011-08-28 00:00:00.000
152,405,1616,17,47.28,49.644,2011-08-12 00:00:00.000,1,5,3.0,CAN,2011-08-12 00:00:00.000
153,405,1672,15,43.21,45.3705,2011-08-20 00:00:00.000,1,5,3.0,CAN,2011-08-20 00:00:00.000
154,405,1686,19,37.21,39.0705,2011-08-04 00:00:00.000,1,5,,CAN,2011-08-04 00:00:00.000
155,406,1616,17,43.21,45.3705,2011-08-12 00:00:00.000,1,5,3.0,CAN,2011-08-12 00:00:00.000
156,406,1672,15,41.21,43.2705,2011-08-20 00:00:00.000,1,5,3.0,CAN,2011-08-20 00:00:00.000
157,406,1686,19,41.28,43.344,2011-08-04 00:00:00.000,1,5,,CAN,2011-08-04 00:00:00.000
158,407,1616,17,41.21,43.2705,2011-08-12 00:00:00.000,1,5,,CAN,2011-08-12 00:00:00.000
159,407,1672,15,45.28,47.544,2011-08-20 00:00:00.000,1,5,,CAN,2011-08-20 00:00:00.000
160,407,1686,19,37.21,39.0705,2011-08-04 00:00:00.000,1,5,,CAN,2011-08-04 00:00:00.000
161,408,1616,17,45.28,47.544,2011-08-19 00:00:00.000,1,5,3.0,CAN,2011-08-19 00:00:00.000
162,408,1672,15,41.21,43.2705,2011-08-20 00:00:00.000,1,5,3.0,CAN,2011-08-20 00:00:00.000
163,408,1686,19,35.21,36.9705,2011-08-10 00:00:00.000,1,5,,CAN,2011-08-10 00:00:00.000
164,409,1616,17,41.21,43.2705,2011-08-19 00:00:00.000,1,5,3.0,CAN,2011-08-19 00:00:00.000
165,409,1672,15,39.21,41.1705,2011-08-26 00:00:00.000,1,5,3.0,CAN,2011-08-26 00:00:00.000
166,409,1686,19,39.28,41.244,2011-08-10 00:00:00.000,1,5,,CAN,2011-08-10 00:00:00.000
167,410,1616,17,39.21,41.1705,2011-08-25 00:00:00.000,1,5,3.0,CAN,2011-08-25 00:00:00.000
168,410,1686,19,35.21,36.9705,2011-08-10 00:00:00.000,1,5,,CAN,2011-08-10 00:00:00.000
169,411,1616,17,43.28,45.444,2011-08-25 00:00:00.000,1,5,,CAN,2011-08-25 00:00:00.000
170,411,1686,19,33.21,34.8705,2011-08-10 00:00:00.000,1,5,,CAN,2011-08-10 00:00:00.000
171,412,1616,17,39.21,41.1705,2011-08-25 00:00:00.000,1,5,3.0,CAN,2011-08-25 00:00:00.000
172,412,1686,19,37.28,39.144,2011-08-10 00:00:00.000,1,5,,CAN,2011-08-10 00:00:00.000
173,413,1616,17,37.21,39.0705,2011-08-25 00:00:00.000,1,5,,CAN,2011-08-25 00:00:00.000
174,413,1686,19,45.31,47.5755,2011-08-10 00:00:00.000,1,5,,CAN,2011-08-10 00:00:00.000
175,414,1616,17,41.28,43.344,2011-07-24 00:00:00.000,1,5,3.0,CAN,2011-07-24 00:00:00.000
176,414,1686,19,43.31,45.4755,2011-08-17 00:00:00.000,1,5,,CAN,2011-08-17 00:00:00.000
177,415,1616,17,37.21,39.0705,2011-07-24 00:00:00.000,1,5,3.0,CAN,2011-07-24 00:00:00.000
178,415,1686,19,47.38,49.749,2011-08-17 00:00:00.000,1,5,,CAN,2011-08-17 00:00:00.000
179,416,1616,17,35.21,36.9705,2011-07-24 00:00:00.000,1,5,3.0,CAN,2011-07-24 00:00:00.000
180,416,1686,19,43.31,45.4755,2011-08-17 00:00:00.000,1,5,,CAN,2011-08-17 00:00:00.000
181,417,1616,17,39.28,41.244,2011-07-24 00:00:00.000,1,5,,CAN,2011-07-24 00:00:00.000
182,417,1686,19,41.31,43.3755,2011-08-17 00:00:00.000,1,5,,CAN,2011-08-17 00:00:00.000
183,418,1616,17,35.21,36.9705,2011-07-31 00:00:00.000,1,5,3.0,CAN,2011-07-31 00:00:00.000
184,418,1686,19,45.38,47.649,2011-08-22 00:00:00.000,1,5,,CAN,2011-08-22 00:00:00.000
185,419,1616,17,33.21,34.8705,2011-07-31 00:00:00.000,1,5,3.0,CAN,2011-07-31 00:00:00.000
186,419,1686,19,41.31,43.3755,2011-08-22 00:00:00.000,1,5,,CAN,2011-08-22 00:00:00.000
187,420,1616,17,37.28,39.144,2011-07-31 00:00:00.000,1,5,3.0,CAN,2011-07-31 00:00:00.000
188,420,1686,19,39.31,41.2755,2011-08-22 00:00:00.000,1,5,,CAN,2011-08-22 00:00:00.000
189,421,1616,17,45.31,47.5755,2011-07-31 00:00:00.000,1,5,3.0,CAN,2011-07-31 00:00:00.000
190,421,1686,19,43.38,45.549,2011-08-22 00:00:00.000,1,5,,CAN,2011-08-22 00:00:00.000
191,422,1492,17,45.26,47.523,2011-08-12 00:00:00.000,1,5,,CTN,2011-08-12 00:00:00.000
192,422,1534,19,45.41,47.6805,2011-08-17 00:00:00.000,1,5,,CTN,2011-08-17 00:00:00.000
193,422,1666,16,45.41,47.6805,2011-08-21 00:00:00.000,1,5,,CTN,2011-08-21 00:00:00.000
194,423,1492,17,43.26,45.423,2011-08-12 00:00:00.000,1,5,,CTN,2011-08-12 00:00:00.000
195,423,1534,19,43.41,45.5805,2011-08-17 00:00:00.000,1,5,,CTN,2011-08-17 00:00:00.000
196,423,1666,16,43.41,45.5805,2011-08-21 00:00:00.000,1,5,,CTN,2011-08-21 00:00:00.000
197,424,1492,17,47.33,49.6965,2011-08-19 00:00:00.000,1,5,,CTN,2011-08-19 00:00:00.000
198,424,1534,19,47.48,49.854,2011-08-17 00:00:00.000,1,5,,CTN,2011-08-17 00:00:00.000
199,424,1666,16,47.48,49.854,2011-08-27 00:00:00.000,1,5,,CTN,2011-08-27 00:00:00.000
200,425,1492,17,43.26,45.423,2011-08-19 00:00:00.000,1,5,,CTN,2011-08-19 00:00:00.000
201,425,1534,19,43.41,45.5805,2011-08-17 00:00:00.000,1,5,,CTN,2011-08-17 00:00:00.000
202,425,1666,16,43.41,45.5805,2011-08-27 00:00:00.000,1,5,,CTN,2011-08-27 00:00:00.000
203,426,1492,17,41.26,43.323,2011-08-19 00:00:00.000,1,5,,CTN,2011-08-19 00:00:00.000
204,426,1534,19,41.41,43.4805,2011-08-17 00:00:00.000,1,5,,CTN,2011-08-17 00:00:00.000
205,426,1666,16,41.41,43.4805,2011-08-27 00:00:00.000,1,5,,CTN,2011-08-27 00:00:00.000
206,427,1492,17,45.33,47.5965,2011-08-25 00:00:00.000,1,5,,CTN,2011-08-25 00:00:00.000
207,427,1534,19,45.48,47.754,2011-08-22 00:00:00.000,1,5,,CTN,2011-08-22 00:00:00.000
208,427,1666,16,45.48,47.754,2011-08-03 00:00:00.000,1,5,,CTN,2011-08-03 00:00:00.000
209,428,1492,17,41.26,43.323,2011-08-25 00:00:00.000,1,5,,CTN,2011-08-25 00:00:00.000
210,428,1534,19,41.41,43.4805,2011-08-22 00:00:00.000,1,5,,CTN,2011-08-22 00:00:00.000
211,428,1666,16,41.41,43.4805,2011-08-03 00:00:00.000,1,5,,CTN,2011-08-03 00:00:00.000
212,429,1492,17,39.26,41.223,2011-07-24 00:00:00.000,1,5,,CTN,2011-07-24 00:00:00.000
213,429,1534,19,39.41,41.3805,2011-08-22 00:00:00.000,1,5,,CTN,2011-08-22 00:00:00.000
214,429,1666,16,39.41,41.3805,2011-08-03 00:00:00.000,1,5,,CTN,2011-08-03 00:00:00.000
215,430,1492,17,43.33,45.4965,2011-07-24 00:00:00.000,1,5,,CTN,2011-07-24 00:00:00.000
216,430,1534,19,43.48,45.654,2011-08-22 00:00:00.000,1,5,,CTN,2011-08-22 00:00:00.000
217,430,1666,16,43.48,45.654,2011-08-03 00:00:00.000,1,5,,CTN,2011-08-03 00:00:00.000
218,431,1492,17,39.26,41.223,2011-07-24 00:00:00.000,1,5,,CTN,2011-07-24 00:00:00.000
219,431,1534,19,39.41,41.3805,2011-08-22 00:00:00.000,1,5,,CTN,2011-08-22 00:00:00.000
220,431,1666,16,39.41,41.3805,2011-08-03 00:00:00.000,1,5,,CTN,2011-08-03 00:00:00.000
221,432,1492,17,37.26,39.123,2011-07-24 00:00:00.000,1,5,,CTN,2011-07-24 00:00:00.000
222,432,1534,19,37.41,39.2805,2011-08-22 00:00:00.000,1,5,,CTN,2011-08-22 00:00:00.000
223,432,1666,16,37.41,39.2805,2011-08-03 00:00:00.000,1,5,,CTN,2011-08-03 00:00:00.000
224,433,1492,17,41.33,43.3965,2011-07-31 00:00:00.000,1,5,,CTN,2011-07-31 00:00:00.000
225,433,1534,19,41.48,43.554,2011-08-28 00:00:00.000,1,5,,CTN,2011-08-28 00:00:00.000
226,433,1666,16,41.48,43.554,2011-08-10 00:00:00.000,1,5,,CTN,2011-08-10 00:00:00.000
227,434,1492,17,37.26,39.123,2011-07-31 00:00:00.000,1,5,,CTN,2011-07-31 00:00:00.000
228,434,1534,19,37.41,39.2805,2011-08-28 00:00:00.000,1,5,,CTN,2011-08-28 00:00:00.000
229,434,1666,16,37.41,39.2805,2011-08-10 00:00:00.000,1,5,,CTN,2011-08-10 00:00:00.000
230,435,1492,17,35.26,37.023,2011-07-31 00:00:00.000,1,5,,CTN,2011-07-31 00:00:00.000
231,435,1534,19,35.41,37.1805,2011-08-28 00:00:00.000,1,5,,CTN,2011-08-28 00:00:00.000
232,435,1666,16,35.41,37.1805,2011-08-10 00:00:00.000,1,5,,CTN,2011-08-10 00:00:00.000
233,436,1492,17,39.33,41.2965,2011-07-31 00:00:00.000,1,5,,CTN,2011-07-31 00:00:00.000
234,436,1534,19,39.48,41.454,2011-08-28 00:00:00.000,1,5,,CTN,2011-08-28 00:00:00.000
235,436,1666,16,39.48,41.454,2011-08-10 00:00:00.000,1,5,,CTN,2011-08-10 00:00:00.000
236,437,1492,17,35.26,37.023,2011-08-06 00:00:00.000,1,5,,CTN,2011-08-06 00:00:00.000
237,437,1534,19,35.41,37.1805,2011-08-10 00:00:00.000,1,5,,CTN,2011-08-10 00:00:00.000
238,437,1666,16,35.41,37.1805,2011-08-17 00:00:00.000,1,5,,CTN,2011-08-17 00:00:00.000
239,438,1540,17,39.26,41.223,2011-08-25 00:00:00.000,1,5,,CTN,2011-08-25 00:00:00.000
240,438,1656,16,45.41,47.6805,2011-08-17 00:00:00.000,1,5,,CTN,2011-08-17 00:00:00.000
241,439,1540,17,43.33,45.4965,2011-08-25 00:00:00.000,1,5,,CTN,2011-08-25 00:00:00.000
242,439,1656,16,43.41,45.5805,2011-08-17 00:00:00.000,1,5,,CTN,2011-08-17 00:00:00.000
243,440,1540,17,39.26,41.223,2011-08-06 00:00:00.000,1,5,,CTN,2011-08-06 00:00:00.000
244,440,1656,16,47.48,49.854,2011-08-17 00:00:00.000,1,5,,CTN,2011-08-17 00:00:00.000
245,441,1540,17,37.26,39.123,2011-08-06 00:00:00.000,1,5,,CTN,2011-08-06 00:00:00.000
246,441,1656,16,43.41,45.5805,2011-08-17 00:00:00.000,1,5,,CTN,2011-08-17 00:00:00.000
247,442,1540,17,41.33,43.3965,2011-08-06 00:00:00.000,1,5,,CTN,2011-08-06 00:00:00.000
248,442,1656,16,41.41,43.4805,2011-08-22 00:00:00.000,1,5,,CTN,2011-08-22 00:00:00.000
249,443,1540,17,37.26,39.123,2011-08-06 00:00:00.000,1,5,,CTN,2011-08-06 00:00:00.000
250,443,1656,16,45.48,47.754,2011-08-22 00:00:00.000,1,5,,CTN,2011-08-22 00:00:00.000
251,444,1540,17,35.26,37.023,2011-08-12 00:00:00.000,1,5,,CTN,2011-08-12 00:00:00.000
252,444,1656,16,41.41,43.4805,2011-08-22 00:00:00.000,1,5,,CTN,2011-08-22 00:00:00.000
253,445,1540,17,39.33,41.2965,2011-08-12 00:00:00.000,1,5,,CTN,2011-08-12 00:00:00.000
254,445,1656,16,39.41,41.3805,2011-08-28 00:00:00.000,1,5,,CTN,2011-08-28 00:00:00.000
255,446,1540,17,35.26,37.023,2011-08-12 00:00:00.000,1,5,,CTN,2011-08-12 00:00:00.000
256,446,1656,16,43.48,45.654,2011-08-28 00:00:00.000,1,5,,CTN,2011-08-28 00:00:00.000
257,447,1540,17,45.41,47.6805,2011-08-12 00:00:00.000,1,5,,CTN,2011-08-12 00:00:00.000
258,447,1656,16,39.41,41.3805,2011-08-28 00:00:00.000,1,5,,CTN,2011-08-28 00:00:00.000
259,448,1540,17,43.41,45.5805,2011-08-19 00:00:00.000,1,5,,CTN,2011-08-19 00:00:00.000
260,448,1656,16,37.41,39.2805,2011-08-28 00:00:00.000,1,5,,CTN,2011-08-28 00:00:00.000
261,449,1540,17,47.48,49.854,2011-08-19 00:00:00.000,1,5,,CTN,2011-08-19 00:00:00.000
262,449,1656,16,41.48,43.554,2011-08-28 00:00:00.000,1,5,,CTN,2011-08-28 00:00:00.000
263,450,1540,17,43.41,45.5805,2011-08-19 00:00:00.000,1,5,,CTN,2011-08-19 00:00:00.000
264,450,1656,16,37.41,39.2805,2011-07-22 00:00:00.000,1,5,,CTN,2011-07-22 00:00:00.000
265,451,1540,17,41.41,43.4805,2011-08-19 00:00:00.000,1,5,,CTN,2011-08-19 00:00:00.000
266,451,1656,16,35.41,37.1805,2011-07-22 00:00:00.000,1,5,,CTN,2011-07-22 00:00:00.000
267,452,1540,17,45.48,47.754,2011-08-19 00:00:00.000,1,5,,CTN,2011-08-19 00:00:00.000
268,452,1656,16,39.48,41.454,2011-07-22 00:00:00.000,1,5,,CTN,2011-07-22 00:00:00.000
269,453,1540,17,41.41,43.4805,2011-08-19 00:00:00.000,1,5,,CTN,2011-08-19 00:00:00.000
270,453,1656,16,35.41,37.1805,2011-07-22 00:00:00.000,1,5,,CTN,2011-07-22 00:00:00.000
271,454,1540,17,39.41,41.3805,2011-08-19 00:00:00.000,1,5,,CTN,2011-08-19 00:00:00.000
272,454,1656,16,45.26,47.523,2011-07-22 00:00:00.000,1,5,,CTN,2011-07-22 00:00:00.000
273,455,1540,17,43.48,45.654,2011-08-19 00:00:00.000,1,5,,CTN,2011-08-19 00:00:00.000
274,455,1656,16,43.26,45.423,2011-07-22 00:00:00.000,1,5,,CTN,2011-07-22 00:00:00.000
275,456,1540,17,39.41,41.3805,2011-08-19 00:00:00.000,1,5,,CTN,2011-08-19 00:00:00.000
276,456,1656,16,47.33,49.6965,2011-07-22 00:00:00.000,1,5,,CTN,2011-07-22 00:00:00.000
277,457,1540,17,37.41,39.2805,2011-08-19 00:00:00.000,1,5,,CTN,2011-08-19 00:00:00.000
278,457,1656,16,43.26,45.423,2011-07-22 00:00:00.000,1,5,,CTN,2011-07-22 00:00:00.000
279,458,1540,17,41.48,43.554,2011-08-19 00:00:00.000,1,5,,CTN,2011-08-19 00:00:00.000
280,458,1656,16,41.26,43.323,2011-07-22 00:00:00.000,1,5,,CTN,2011-07-22 00:00:00.000
281,459,1540,17,37.41,39.2805,2011-08-19 00:00:00.000,1,5,,CTN,2011-08-19 00:00:00.000
282,459,1656,16,45.33,47.5965,2011-07-22 00:00:00.000,1,5,,CTN,2011-07-22 00:00:00.000
283,460,1540,17,35.41,37.1805,2011-08-19 00:00:00.000,1,5,,CTN,2011-08-19 00:00:00.000
284,460,1656,16,41.26,43.323,2011-07-22 00:00:00.000,1,5,,CTN,2011-07-22 00:00:00.000
285,461,1540,17,39.48,41.454,2011-08-19 00:00:00.000,1,5,,DZ ,2011-08-19 00:00:00.000
286,462,1510,18,45.41,47.6805,2011-08-27 00:00:00.000,1,5,3.0,CS ,2011-08-27 00:00:00.000
287,463,1582,18,45.26,47.523,2011-08-27 00:00:00.000,1,5,,CAN,2011-08-27 00:00:00.000
288,464,1582,18,43.26,45.423,2011-08-27 00:00:00.000,1,5,,CAN,2011-08-27 00:00:00.000
289,465,1582,18,47.33,49.6965,2011-08-27 00:00:00.000,1,5,,CAN,2011-08-27 00:00:00.000
290,466,1582,18,43.26,45.423,2011-08-27 00:00:00.000,1,5,,CAN,2011-08-27 00:00:00.000
291,467,1582,18,41.26,43.323,2011-08-08 00:00:00.000,1,5,,CAN,2011-08-08 00:00:00.000
292,468,1582,18,45.33,47.5965,2011-08-14 00:00:00.000,1,5,,CAN,2011-08-14 00:00:00.000
293,469,1582,18,41.26,43.323,2011-08-14 00:00:00.000,1,5,,CAN,2011-08-14 00:00:00.000
294,470,1582,18,39.26,41.223,2011-08-14 00:00:00.000,1,5,,CAN,2011-08-14 00:00:00.000
295,471,1582,18,43.33,45.4965,2011-08-14 00:00:00.000,1,5,,CAN,2011-08-14 00:00:00.000
296,472,1582,18,39.26,41.223,2011-08-14 00:00:00.000,1,5,,CAN,2011-08-14 00:00:00.000
297,473,1582,18,37.26,39.123,2011-08-21 00:00:00.000,1,5,,CAN,2011-08-21 00:00:00.000
298,474,1582,18,41.33,43.3965,2011-08-21 00:00:00.000,1,5,,CAN,2011-08-21 00:00:00.000
299,475,1582,18,37.26,39.123,2011-08-21 00:00:00.000,1,5,,CAN,2011-08-21 00:00:00.000
300,476,1568,15,15.13,15.8865,2011-08-20 00:00:00.000,100,1000,300.0,EA ,2011-08-20 00:00:00.000
301,477,1568,15,11.11,11.6655,2011-08-20 00:00:00.000,100,1000,300.0,EA ,2011-08-20 00:00:00.000
302,478,1568,15,10.56,11.088,2011-08-26 00:00:00.000,100,1000,,EA ,2011-08-26 00:00:00.000
303,479,1568,15,15.13,15.8865,2011-08-26 00:00:00.000,100,1000,300.0,EA ,2011-08-26 00:00:00.000
304,480,1568,15,11.11,11.6655,2011-08-26 00:00:00.000,100,1000,,EA ,2011-08-26 00:00:00.000
305,481,1568,15,10.56,11.088,2011-08-13 00:00:00.000,100,1000,300.0,EA ,2011-08-13 00:00:00.000
306,482,1568,15,8.34,8.757,2011-08-13 00:00:00.000,100,1000,300.0,EA ,2011-08-13 00:00:00.000
307,483,1568,15,9.23,9.6915,2011-08-13 00:00:00.000,100,1000,,EA ,2011-08-13 00:00:00.000
308,484,1568,15,6.55,6.8775,2011-08-13 00:00:00.000,100,1000,300.0,EA ,2011-08-13 00:00:00.000
309,485,1568,15,7.43,7.8015,2011-08-13 00:00:00.000,100,1000,300.0,EA ,2011-08-13 00:00:00.000
310,486,1568,15,8.34,8.757,2011-08-13 00:00:00.000,100,1000,,EA ,2011-08-13 00:00:00.000
311,487,1568,15,5.53,5.8065,2011-08-13 00:00:00.000,100,1000,300.0,EA ,2011-08-13 00:00:00.000
312,488,1568,15,8.44,8.862,2011-08-13 00:00:00.000,100,1000,300.0,EA ,2011-08-13 00:00:00.000
313,489,1568,15,9.97,10.4685,2011-08-13 00:00:00.000,100,1000,,EA ,2011-08-13 00:00:00.000
314,490,1592,16,12.11,12.7155,2011-08-27 00:00:00.000,1,5,,CAN,2011-08-27 00:00:00.000
315,490,1662,16,11.77,12.3585,2011-08-28 00:00:00.000,1,5,,CAN,2011-08-28 00:00:00.000
316,491,1548,15,19.03,19.9815,2011-08-26 00:00:00.000,1,5,3.0,CAN,2011-08-26 00:00:00.000
317,491,1592,16,18.99,19.9395,2011-08-27 00:00:00.000,1,5,,CAN,2011-08-27 00:00:00.000
318,492,1584,16,48.33,50.7465,2011-08-21 00:00:00.000,20,100,,GAL,2011-08-21 00:00:00.000
319,492,1692,17,47.87,50.2635,2011-08-19 00:00:00.000,20,100,60.0,GAL,2011-08-19 00:00:00.000
320,493,1584,16,55.49,58.2645,2011-08-21 00:00:00.000,20,100,,GAL,2011-08-21 00:00:00.000
321,493,1692,17,54.43,57.1515,2011-08-19 00:00:00.000,20,100,,GAL,2011-08-19 00:00:00.000
322,494,1584,16,48.33,50.7465,2011-08-27 00:00:00.000,20,100,,GAL,2011-08-27 00:00:00.000
323,494,1692,17,50.67,53.2035,2011-08-25 00:00:00.000,20,100,60.0,GAL,2011-08-25 00:00:00.000
324,495,1584,16,59.93,62.9265,2011-08-27 00:00:00.000,20,100,,GAL,2011-08-27 00:00:00.000
325,495,1692,17,60.66,63.693,2011-08-25 00:00:00.000,20,100,,GAL,2011-08-25 00:00:00.000
326,496,1584,16,47.29,49.6545,2011-08-27 00:00:00.000,20,100,,GAL,2011-08-27 00:00:00.000
327,496,1692,17,46.58,48.909,2011-08-25 00:00:00.000,20,100,,GAL,2011-08-25 00:00:00.000
328,497,1566,17,32.56,34.188,2011-08-25 00:00:00.000,1,5,3.0,CS ,2011-08-25 00:00:00.000
329,504,1690,17,46.44,48.762,2011-08-25 00:00:00.000,1,5,3.0,CS ,2011-08-25 00:00:00.000
330,505,1612,16,42.11,44.2155,2011-08-28 00:00:00.000,1,5,3.0,CS ,2011-08-28 00:00:00.000
331,506,1504,15,8.76,9.198,2011-08-26 00:00:00.000,20,100,60.0,DZ ,2011-08-26 00:00:00.000
332,507,1530,15,22.28,23.394,2011-08-26 00:00:00.000,100,1000,,EA ,2011-08-26 00:00:00.000
333,507,1624,15,21.11,22.1655,2011-08-26 00:00:00.000,100,1000,,EA ,2011-08-26 00:00:00.000
334,508,1530,15,26.33,27.6465,2011-08-26 00:00:00.000,100,1000,,EA ,2011-08-26 00:00:00.000
335,508,1624,15,27.89,29.2845,2011-08-26 00:00:00.000,100,1000,,EA ,2011-08-26 00:00:00.000
336,509,1680,16,34.55,36.2775,2011-08-27 00:00:00.000,100,1000,,EA ,2011-08-27 00:00:00.000
337,510,1526,18,22.29,23.4045,2011-08-27 00:00:00.000,100,1000,,EA ,2011-08-27 00:00:00.000
338,510,1646,15,21.98,23.079,2011-08-26 00:00:00.000,100,1000,300.0,EA ,2011-08-26 00:00:00.000
339,511,1526,18,26.54,27.867,2011-08-27 00:00:00.000,100,1000,,EA ,2011-08-27 00:00:00.000
340,511,1646,15,27.88,29.274,2011-08-26 00:00:00.000,100,1000,300.0,EA ,2011-08-26 00:00:00.000
341,512,1646,15,33.31,34.9755,2011-08-26 00:00:00.000,100,1000,300.0,EA ,2011-08-26 00:00:00.000
342,512,1654,17,35.32,37.086,2011-08-25 00:00:00.000,100,1000,,EA ,2011-08-25 00:00:00.000
343,513,1664,17,25.33,26.5965,2011-08-25 00:00:00.000,100,1000,,EA ,2011-08-25 00:00:00.000
344,513,1682,19,37.33,39.1965,2011-08-28 00:00:00.000,100,1000,,EA ,2011-08-28 00:00:00.000
345,523,1560,17,10.22,10.731,2011-08-25 00:00:00.000,100,1000,300.0,EA ,2011-08-25 00:00:00.000
346,523,1620,16,9.89,10.3845,2011-08-27 00:00:00.000,100,1000,,EA ,2011-08-27 00:00:00.000
347,524,1560,17,13.45,14.1225,2011-08-25 00:00:00.000,100,1000,300.0,EA ,2011-08-25 00:00:00.000
348,524,1626,18,12.35,12.9675,2011-08-27 00:00:00.000,100,1000,,EA ,2011-08-27 00:00:00.000
349,525,1600,15,2.21,2.3205,2011-08-26 00:00:00.000,100,1000,,EA ,2011-08-26 00:00:00.000
350,526,1522,15,3.47,3.6435,2011-08-26 00:00:00.000,100,1000,,EA ,2011-08-26 00:00:00.000
351,527,1644,18,6.43,6.7515,2011-08-27 00:00:00.000,100,1000,,DZ ,2011-08-27 00:00:00.000
352,528,1618,16,36.34,38.157,2011-08-28 00:00:00.000,1,5,,CTN,2011-08-28 00:00:00.000
353,530,1494,17,15.32,16.086,2011-08-29 00:00:00.000,100,1000,,EA ,2011-08-29 00:00:00.000
354,535,1508,15,3.32,3.486,2011-08-26 00:00:00.000,100,1000,,EA ,2011-08-26 00:00:00.000
355,679,1544,15,5.5,5.775,2011-08-20 00:00:00.000,100,1000,300.0,EA ,2011-08-20 00:00:00.000
356,679,1694,15,5.9,6.195,2011-08-26 00:00:00.000,100,1000,300.0,EA ,2011-08-26 00:00:00.000
357,707,1520,30,13.25,13.0863,2014-03-13 00:00:00.000,4,200,25.0,EA ,2015-08-12 12:20:28.330
358,708,1520,30,13.25,13.0863,2014-09-22 00:00:00.000,4,200,25.0,EA ,2015-08-12 12:20:28.330
359,709,1574,12,3.1,3.4,2014-10-22 00:00:00.000,100,500,150.0,EA ,2015-08-12 12:20:28.330
360,710,1574,12,3.12,3.4,2014-10-22 00:00:00.000,100,500,150.0,EA ,2015-08-12 12:20:28.330
361,711,1520,45,13.88,13.08,2014-07-02 00:00:00.000,50,750,300.0,EA ,2015-08-12 12:20:28.330
362,712,1636,45,6.55,6.92,2014-06-13 00:00:00.000,100,1000,630.0,EA ,2015-08-12 12:20:28.330
363,713,1636,45,37.45,38.49,2013-12-03 00:00:00.000,100,1000,600.0,EA ,2015-08-12 12:20:28.330
364,714,1636,45,37.8,38.49,2013-12-03 00:00:00.000,100,1000,350.0,EA ,2015-08-12 12:20:28.330
365,715,1636,45,37.8,38.49,2013-12-03 00:00:00.000,100,1000,100.0,EA ,2015-08-12 12:20:28.330
366,716,1636,45,38.05,38.75,2013-12-03 00:00:00.000,100,1000,750.0,EA ,2015-08-12 12:20:28.330
367,841,1636,60,26.75,24.75,2014-02-26 00:00:00.000,75,500,300.0,EA ,2015-08-12 12:20:28.330
368,842,1518,120,54.2,51.56,2014-02-17 00:00:00.000,100,600,225.0,EA ,2015-08-12 12:20:28.330
369,843,1518,10,8.5,10.31,2014-01-11 00:00:00.000,50,200,75.0,EA ,2015-08-12 12:20:28.330
370,844,1518,25,8.5,8.25,2014-01-11 00:00:00.000,150,500,300.0,EA ,2015-08-12 12:20:28.330
371,845,1518,25,10.75,10.3,2014-01-11 00:00:00.000,150,500,250.0,EA ,2015-08-12 12:20:28.330
372,846,1518,30,4.5,5.77,2014-01-11 00:00:00.000,150,500,175.0,EA ,2015-08-12 12:20:28.330
373,847,1518,30,14.5,4.43,2014-01-11 00:00:00.000,150,500,150.0,EA ,2015-08-12 12:20:28.330
374,848,1518,45,15.75,18.56,2014-01-11 00:00:00.000,50,300,150.0,EA ,2015-08-12 12:20:28.330
375,849,1594,45,24.75,24.75,2014-03-31 00:00:00.000,5000,10000,5000.0,EA ,2015-08-12 12:20:28.330
376,850,1594,45,24.75,24.75,2014-03-31 00:00:00.000,5000,10000,5000.0,EA ,2015-08-12 12:20:28.330
377,851,1594,45,24.75,24.75,2014-03-31 00:00:00.000,5000,10000,5000.0,EA ,2015-08-12 12:20:28.330
378,852,1594,60,32.35,30.94,2014-05-14 00:00:00.000,500,8000,750.0,EA ,2015-08-12 12:20:28.330
379,853,1594,60,32.35,30.94,2014-05-14 00:00:00.000,500,8000,750.0,EA ,2015-08-12 12:20:28.330
380,854,1594,60,32.35,30.94,2014-05-14 00:00:00.000,500,8000,750.0,EA ,2015-08-12 12:20:28.330
381,855,1594,60,38.5,37.1,2014-05-14 00:00:00.000,500,5000,1050.0,EA ,2015-08-12 12:20:28.330
382,856,1594,60,37.5,37.1,2014-05-14 00:00:00.000,500,5000,1000.0,EA ,2015-08-12 12:20:28.343
383,857,1594,60,37.5,37.1,2014-05-14 00:00:00.000,500,5000,1000.0,EA ,2015-08-12 12:20:28.343
384,858,1676,15,8.75,9.15,2014-05-22 00:00:00.000,500,5000,700.0,EA ,2015-08-12 12:20:28.343
385,859,1676,15,8.75,9.15,2014-05-22 00:00:00.000,500,5000,700.0,EA ,2015-08-12 12:20:28.343
386,860,1676,15,8.75,9.15,2014-05-22 00:00:00.000,500,5000,700.0,EA ,2015-08-12 12:20:28.343
387,861,1676,25,15.5,15.67,2014-05-22 00:00:00.000,500,5000,900.0,EA ,2015-08-12 12:20:28.343
388,862,1676,25,15.5,15.67,2014-05-22 00:00:00.000,500,5000,900.0,EA ,2015-08-12 12:20:28.343
389,863,1676,25,15.5,15.67,2014-05-22 00:00:00.000,500,5000,900.0,EA ,2015-08-12 12:20:28.343
390,864,1676,35,23.2,23.75,2014-05-22 00:00:00.000,1000,7500,1250.0,EA ,2015-08-12 12:20:28.343
391,865,1676,35,23.2,23.75,2014-05-22 00:00:00.000,1000,7500,1250.0,EA ,2015-08-12 12:20:28.343
392,866,1676,35,23.2,23.75,2014-05-22 00:00:00.000,1000,7500,1250.0,EA ,2015-08-12 12:20:28.343
393,867,1676,25,25.45,26.18,2014-05-22 00:00:00.000,1000,7500,2000.0,EA ,2015-08-12 12:20:28.343
394,868,1676,25,25.45,26.18,2014-05-22 00:00:00.000,1000,7500,2000.0,EA ,2015-08-12 12:20:28.343
395,869,1676,25,25.45,26.18,2014-05-22 00:00:00.000,1000,7500,2000.0,EA ,2015-08-12 12:20:28.343
396,870,1546,45,1.87,1.87,2013-12-09 00:00:00.000,500,2500,1500.0,EA ,2015-08-12 12:20:28.343
397,871,1546,45,3.74,3.74,2013-12-09 00:00:00.000,500,2500,500.0,EA ,2015-08-12 12:20:28.343
398,872,1546,45,3.0,3.36,2013-12-09 00:00:00.000,500,2500,1000.0,EA ,2015-08-12 12:20:28.343
399,873,1546,45,0.8,0.86,2013-12-09 00:00:00.000,1500,15000,8000.0,EA ,2015-08-12 12:20:28.343
400,874,1574,25,3.0,2.36,2013-12-09 00:00:00.000,1500,15000,8000.0,EA ,2015-08-12 12:20:28.343
401,875,1574,25,3.0,2.36,2013-12-09 00:00:00.000,1500,15000,8000.0,EA ,2015-08-12 12:20:28.343
402,876,1546,45,48.0,33.88,2014-07-24 00:00:00.000,100,500,250.0,EA ,2015-08-12 12:20:28.343
403,877,1546,45,3.0,2.97,2014-07-24 00:00:00.000,100,500,150.0,EA ,2015-08-12 12:20:28.343
404,878,1546,45,8.22,8.22,2014-07-24 00:00:00.000,100,500,150.0,EA ,2015-08-12 12:20:28.343
405,879,1546,45,49.0,59.46,2014-07-24 00:00:00.000,100,500,400.0,EA ,2015-08-12 12:20:28.343
406,880,1546,45,19.0,20.56,2014-07-24 00:00:00.000,500,1500,1000.0,EA ,2015-08-12 12:20:28.343
407,881,1636,30,40.0,41.57,2014-07-24 00:00:00.000,5000,10000,6000.0,EA ,2015-08-12 12:20:28.343
408,882,1636,30,40.0,41.57,2014-07-24 00:00:00.000,5000,10000,6000.0,EA ,2015-08-12 12:20:28.343
409,883,1636,30,40.0,41.57,2014-07-24 00:00:00.000,5000,10000,6000.0,EA ,2015-08-12 12:20:28.343
410,884,1636,30,40.0,41.57,2014-07-24 00:00:00.000,5000,10000,6000.0,EA ,2015-08-12 12:20:28.343
411,907,1576,19,78.89,82.8345,2011-08-29 00:00:00.000,100,1000,,EA ,2011-08-29 00:00:00.000
412,908,1570,15,20.09,21.0945,2011-08-27 00:00:00.000,100,1000,,EA ,2011-08-27 00:00:00.000
413,908,1696,17,20.09,21.0945,2011-08-13 00:00:00.000,100,1000,,EA ,2011-08-13 00:00:00.000
414,909,1570,15,28.99,30.4395,2011-08-27 00:00:00.000,100,1000,300.0,EA ,2011-08-27 00:00:00.000
415,909,1696,17,28.99,30.4395,2011-08-13 00:00:00.000,100,1000,,EA ,2011-08-13 00:00:00.000
416,910,1610,18,38.99,40.9395,2011-08-27 00:00:00.000,100,1000,300.0,EA ,2011-08-27 00:00:00.000
417,910,1696,17,38.99,40.9395,2011-08-20 00:00:00.000,100,1000,,EA ,2011-08-20 00:00:00.000
418,911,1542,18,20.09,21.0945,2011-08-27 00:00:00.000,100,1000,,EA ,2011-08-27 00:00:00.000
419,911,1696,17,20.09,21.0945,2011-08-20 00:00:00.000,100,1000,,EA ,2011-08-20 00:00:00.000
420,912,1542,18,28.99,30.4395,2011-08-27 00:00:00.000,100,1000,,EA ,2011-08-27 00:00:00.000
421,912,1696,17,28.99,30.4395,2011-08-20 00:00:00.000,100,1000,,EA ,2011-08-20 00:00:00.000
422,913,1570,15,38.99,40.9395,2011-08-27 00:00:00.000,100,1000,300.0,EA ,2011-08-27 00:00:00.000
423,913,1696,17,38.99,40.9395,2011-08-25 00:00:00.000,100,1000,,EA ,2011-08-25 00:00:00.000
424,914,1672,15,20.09,21.0945,2011-08-26 00:00:00.000,100,1000,,EA ,2011-08-26 00:00:00.000
425,914,1696,17,20.09,21.0945,2011-08-25 00:00:00.000,100,1000,,EA ,2011-08-25 00:00:00.000
426,915,1672,15,28.99,30.4395,2011-08-26 00:00:00.000,100,1000,300.0,EA ,2011-08-26 00:00:00.000
427,915,1696,17,28.99,30.4395,2011-08-06 00:00:00.000,100,1000,,EA ,2011-08-06 00:00:00.000
428,916,1672,15,38.99,40.9395,2011-08-26 00:00:00.000,100,1000,,EA ,2011-08-26 00:00:00.000
429,916,1696,17,38.99,40.9395,2011-08-06 00:00:00.000,100,1000,,EA ,2011-08-06 00:00:00.000
430,921,1498,19,5.32,5.586,2011-08-29 00:00:00.000,100,1000,,EA ,2011-08-29 00:00:00.000
431,922,1652,19,6.22,6.531,2011-08-29 00:00:00.000,100,1000,,EA ,2011-08-29 00:00:00.000
432,923,1652,19,5.89,6.1845,2011-08-29 00:00:00.000,100,1000,,EA ,2011-08-29 00:00:00.000
433,928,1538,19,30.71,32.2455,2011-08-29 00:00:00.000,100,1000,,EA ,2011-08-29 00:00:00.000
434,928,1632,19,31.21,32.7705,2011-08-28 00:00:00.000,100,1000,,EA ,2011-08-28 00:00:00.000
435,929,1538,19,34.82,36.561,2011-08-29 00:00:00.000,100,1000,,EA ,2011-08-29 00:00:00.000
436,929,1632,19,35.32,37.086,2011-08-28 00:00:00.000,100,1000,,EA ,2011-08-28 00:00:00.000
437,930,1498,19,40.49,42.5145,2011-08-29 00:00:00.000,100,1000,,EA ,2011-08-29 00:00:00.000
438,930,1632,19,40.99,43.0395,2011-08-28 00:00:00.000,100,1000,,EA ,2011-08-28 00:00:00.000
439,931,1588,19,32.71,34.3455,2011-08-28 00:00:00.000,100,1000,,EA ,2011-08-28 00:00:00.000
440,931,1684,19,33.21,34.8705,2011-08-28 00:00:00.000,100,1000,,EA ,2011-08-28 00:00:00.000
441,932,1588,19,37.37,39.2385,2011-08-28 00:00:00.000,100,1000,,EA ,2011-08-28 00:00:00.000
442,932,1684,19,37.87,39.7635,2011-08-28 00:00:00.000,100,1000,,EA ,2011-08-28 00:00:00.000
443,933,1652,19,41.39,43.4595,2011-08-29 00:00:00.000,100,1000,,EA ,2011-08-29 00:00:00.000
444,933,1684,19,41.89,43.9845,2011-08-28 00:00:00.000,100,1000,,EA ,2011-08-28 00:00:00.000
445,934,1652,19,35.83,37.6215,2011-08-29 00:00:00.000,100,1000,,EA ,2011-08-29 00:00:00.000
446,934,1684,19,36.33,38.1465,2011-08-28 00:00:00.000,100,1000,,EA ,2011-08-28 00:00:00.000
447,935,1506,18,29.99,31.4895,2011-08-27 00:00:00.000,100,1000,300.0,EA ,2011-08-27 00:00:00.000
448,935,1658,15,29.99,31.4895,2011-08-26 00:00:00.000,100,1000,,EA ,2011-08-26 00:00:00.000
449,936,1506,18,45.99,48.2895,2011-08-27 00:00:00.000,100,1000,300.0,EA ,2011-08-27 00:00:00.000
450,936,1658,15,45.99,48.2895,2011-08-26 00:00:00.000,100,1000,,EA ,2011-08-26 00:00:00.000
451,937,1638,18,59.99,62.9895,2011-08-27 00:00:00.000,100,1000,300.0,EA ,2011-08-27 00:00:00.000
452,938,1586,16,29.99,31.4895,2011-08-28 00:00:00.000,100,1000,300.0,EA ,2011-08-28 00:00:00.000
453,938,1680,16,29.99,31.4895,2011-08-27 00:00:00.000,100,1000,,EA ,2011-08-27 00:00:00.000
454,939,1586,16,45.99,48.2895,2011-08-28 00:00:00.000,100,1000,300.0,EA ,2011-08-28 00:00:00.000
455,939,1680,16,45.99,48.2895,2011-08-27 00:00:00.000,100,1000,,EA ,2011-08-27 00:00:00.000
456,940,1508,15,59.99,62.9895,2011-08-26 00:00:00.000,100,1000,,EA ,2011-08-26 00:00:00.000
457,941,1628,17,59.99,62.9895,2011-08-25 00:00:00.000,100,1000,,EA ,2011-08-25 00:00:00.000
458,948,1576,19,78.89,82.8345,2011-08-29 00:00:00.000,100,1000,,EA ,2011-08-29 00:00:00.000
459,952,1674,19,14.99,15.7395,2011-08-29 00:00:00.000,20,100,60.0,DZ ,2011-08-29 00:00:00.000
